{"cameraMode":{"drawMode":0,"name":"Shaded","section":"Shading Mode"},"sceneLighting":false,"audioPlay":false,"sceneViewState":{"m_AlwaysRefresh":false,"showFog":true,"showSkybox":true,"showFlares":true,"showImageEffects":true,"showParticleSystems":true,"showVisualEffectGraphs":true,"m_FxEnabled":true},"in2DMode":false,"pivot":{"x":0.4696621298789978,"y":-4.379244327545166,"z":6.319337844848633},"rotation":{"x":0.1999625712633133,"y":0.007626656908541918,"z":-0.0016827170038595796,"w":0.9798787236213684},"size":20.88553810119629,"orthographic":false}