{"cameraMode":{"drawMode":0,"name":"Shaded","section":"Shading Mode"},"sceneLighting":false,"audioPlay":false,"sceneViewState":{"m_AlwaysRefresh":false,"showFog":true,"showSkybox":true,"showFlares":true,"showImageEffects":true,"showParticleSystems":true,"showVisualEffectGraphs":true,"m_FxEnabled":true},"in2DMode":false,"pivot":{"x":0.06381627917289734,"y":0.22168350219726563,"z":0.11665578186511994},"rotation":{"x":-0.5661518573760986,"y":-0.009415538050234318,"z":0.006436208263039589,"w":-0.8243358731269836},"size":0.4828200042247772,"orthographic":false}