{"cameraMode":{"drawMode":0,"name":"Shaded","section":"Shading Mode"},"sceneLighting":false,"audioPlay":false,"sceneViewState":{"m_AlwaysRefresh":false,"showFog":true,"showSkybox":true,"showFlares":true,"showImageEffects":true,"showParticleSystems":true,"showVisualEffectGraphs":true,"m_FxEnabled":true},"in2DMode":false,"pivot":{"x":0.3547782301902771,"y":1.3865251541137696,"z":-8.288901329040528},"rotation":{"x":-0.3984489440917969,"y":0.007419905159622431,"z":-0.003246877109631896,"w":-0.9172272682189941},"size":1.8383758068084717,"orthographic":false}