{"cameraMode":{"drawMode":0,"name":"Shaded","section":"Shading Mode"},"sceneLighting":false,"audioPlay":false,"sceneViewState":{"m_AlwaysRefresh":false,"showFog":true,"showSkybox":true,"showFlares":true,"showImageEffects":true,"showParticleSystems":true,"showVisualEffectGraphs":true,"m_FxEnabled":true},"in2DMode":false,"pivot":{"x":0.04479493200778961,"y":-0.08325320482254029,"z":0.32541006803512576},"rotation":{"x":-0.5193813443183899,"y":-0.02384144812822342,"z":0.014494248665869236,"w":-0.8541890382766724},"size":0.515461802482605,"orthographic":false}