{"cameraMode":{"drawMode":0,"name":"Shaded","section":"Shading Mode"},"sceneLighting":false,"audioPlay":false,"sceneViewState":{"m_AlwaysRefresh":false,"showFog":true,"showSkybox":true,"showFlares":true,"showImageEffects":true,"showParticleSystems":true,"showVisualEffectGraphs":true,"m_FxEnabled":true},"in2DMode":false,"pivot":{"x":0.003369673155248165,"y":0.014000923372805119,"z":-8.57950496673584},"rotation":{"x":-0.15864379703998567,"y":-0.00237038591876626,"z":0.0003743342822417617,"w":-0.9873772263526917},"size":1.2519211769104005,"orthographic":false}